coflow_id,arrival_time,num_mappers,num_reducers,received_mb,flow_num,mean_size
202,930328,7,1,7.0,7,1.0
447,2709909,71,74,5396.0,5254,1.027027027027027
238,1104448,1,1,18.0,1,18.0
329,1730685,13,1,13.0,13,1.0
111,540212,3,1,180.0,3,60.0
488,3118135,2,1,2.0,2,1.0
32,159493,7,1,7.0,7,1.0
307,1620496,6,113,28134.0,678,41.49557522123894
434,2562322,1,1,1.0,1,1.0
286,1468136,13,1,13.0,13,1.0
